{"map": 0.7706998363307378, "mrr": 0.8726190476190476}